{
  "start_time": "2025-10-31T15:37:18.334643",
  "invocations": 0,
  "initial_equity": 0.0001672599224699,
  "trade_history": []
}